,mean,std,variance,min,max,median,skewness,kurtosis
outcome1,0.02361414250468205,1.5870550915718986,2.518743863684288,-4.594794916757114,5.33759335429787,-0.0777047635235113,0.2602125019020387,-0.08306929779194983
outcome2,0.2250190113573442,2.5344694636991667,6.423535462423542,-7.505042864833478,8.031629945207296,0.46996758730795296,-0.30166442393615267,-0.0424565869429272
outcome3,-0.29236189943820284,1.2456749451877187,1.551706069068426,-4.3319440858346185,3.484526173662565,-0.27869722234336836,-0.04880634858196635,0.10873522933153357
outcome4,0.023250286435940227,3.6972034258667827,13.669313172241074,-11.208870888441323,12.910167065972312,0.02548254490709915,0.030036101349925615,0.026107861479240935
outcome5,0.18957580347410596,1.9602828713619254,3.8427089357549544,-7.66281283751426,9.583586385931842,0.13809066384750407,0.1393475733579264,0.8278088908257275
